{"frameRate":24,"version":"5.5","isGlobal":0,"name":"starbet_com","armature":[{"frameRate":24,"defaultActions":[{"gotoAndPlay":"animtion0"}],"ik":[],"slot":[{"color":{},"name":"img_honghei_xiazhu_guang03","parent":"img_honghei_xiazhu_guang03"},{"z":1,"color":{},"name":"img_honghei_xiazhu_guang02","parent":"img_honghei_xiazhu_guang02"},{"z":2,"color":{},"name":"img_honghei_xiazhu_guang01","parent":"img_honghei_xiazhu_guang01"},{"z":3,"color":{},"name":"img_stargame","parent":"img_honghei_kaishixiazhu"}],"bone":[{"transform":{},"name":"root"},{"transform":{"y":7,"x":-0.5},"name":"img_honghei_kaishixiazhu","parent":"root"},{"transform":{"y":10.5,"x":-2.5},"name":"img_honghei_xiazhu_guang03","parent":"root"},{"transform":{"y":-74.5,"x":135},"name":"img_honghei_xiazhu_guang02","parent":"root"},{"transform":{"y":98,"x":-158.5},"name":"img_honghei_xiazhu_guang01","parent":"root"}],"skin":[{"name":"","slot":[{"display":[{"type":"image","transform":{"y":-0.5,"x":1.5},"name":"img_honghei_xiazhu_guang02","path":"img_honghei_xiazhu_guang02"}],"name":"img_honghei_xiazhu_guang02"},{"display":[{"type":"image","transform":{"y":2,"x":11.5},"name":"img_honghei_xiazhu_guang01","path":"img_honghei_xiazhu_guang01"}],"name":"img_honghei_xiazhu_guang01"},{"display":[{"type":"image","transform":{"y":7.8861,"x":-2.8911},"name":"img_stargame","path":"img_stargame"}],"name":"img_stargame"},{"display":[{"type":"image","transform":{"scX":-0.6627,"y":2,"scY":8.5743,"x":-4},"name":"img_honghei_xiazhu_guang03","path":"img_honghei_xiazhu_guang03"}],"name":"img_honghei_xiazhu_guang03"}]}],"type":"Armature","animation":[{"ffd":[],"playTimes":0,"ik":[],"slot":[{"colorFrame":[{"tweenEasing":0,"color":{"aM":0},"duration":7},{"duration":17}],"displayFrame":[{"duration":24},{"duration":0}],"name":"img_honghei_xiazhu_guang03"},{"colorFrame":[],"displayFrame":[],"name":"img_honghei_xiazhu_guang02"},{"colorFrame":[],"displayFrame":[],"name":"img_honghei_xiazhu_guang01"},{"colorFrame":[],"displayFrame":[],"name":"img_stargame"}],"frame":[],"duration":24,"name":"animtion0","bone":[{"translateFrame":[],"scaleFrame":[],"name":"root","rotateFrame":[]},{"translateFrame":[{"y":-38.8,"tweenEasing":0,"duration":14},{"tweenEasing":0,"duration":10},{"duration":0}],"scaleFrame":[{"x":0.2467,"y":0.1952,"tweenEasing":0,"duration":8},{"x":1.0037,"y":1.0037,"tweenEasing":0,"duration":3},{"x":2.04,"y":2.07,"tweenEasing":0,"duration":3},{"x":1.0037,"y":1.0037,"tweenEasing":0,"duration":10},{"x":1.0037,"y":1.0037,"duration":0}],"name":"img_honghei_kaishixiazhu","rotateFrame":[{"duration":14},{"tweenEasing":0,"rotate":3.5,"duration":1},{"tweenEasing":0,"rotate":-4.2,"duration":1},{"tweenEasing":0,"rotate":1.35,"duration":1},{"duration":7}]},{"translateFrame":[{"duration":24},{"duration":0}],"scaleFrame":[{"x":0.2713,"y":0.0355,"tweenEasing":0,"duration":7},{"tweenEasing":0,"duration":17},{"duration":0}],"name":"img_honghei_xiazhu_guang03","rotateFrame":[{"duration":24},{"duration":0}]},{"translateFrame":[{"x":768.0384,"y":0.495,"tweenEasing":0,"duration":14},{"y":0.5,"tweenEasing":0,"duration":6},{"x":-319.9873,"y":0.5,"tweenEasing":0,"duration":4},{"x":-345.0978,"y":0.5,"duration":0}],"scaleFrame":[],"name":"img_honghei_xiazhu_guang02","rotateFrame":[]},{"translateFrame":[{"x":-789.3085,"tweenEasing":0,"duration":14},{"tweenEasing":0,"duration":6},{"x":263.3654,"tweenEasing":0,"duration":4},{"x":301.7698,"duration":0}],"scaleFrame":[],"name":"img_honghei_xiazhu_guang01","rotateFrame":[]}]}],"aabb":{"x":-689.5,"y":-121.5,"width":1366,"height":236},"name":"Armature"},{"frameRate":24,"defaultActions":[{"gotoAndPlay":""}],"ik":[],"slot":[],"bone":[{"transform":{},"name":"root"}],"skin":[],"type":"MovieClip","animation":[],"aabb":{"x":0,"y":0,"width":0,"height":0},"name":"MovieClip"},{"frameRate":24,"defaultActions":[{"gotoAndPlay":""}],"ik":[],"slot":[],"bone":[{"transform":{},"name":"root"}],"skin":[],"type":"Sheet","animation":[],"aabb":{"x":0,"y":0,"width":0,"height":0},"name":"Sprite"}]}