{"frameRate":24,"version":"5.5","isGlobal":0,"name":"红黑_胜利","armature":[{"frameRate":24,"defaultActions":[{"gotoAndPlay":"newAnimation"}],"ik":[],"slot":[{"color":{},"name":"sheng3","parent":"sheng3"},{"z":1,"color":{},"name":"sheng2","parent":"sheng2"},{"z":2,"color":{},"name":"sheng1","parent":"sheng1"},{"z":3,"color":{},"name":"sheng4","parent":"sheng4"},{"z":4,"color":{},"name":"sheng5","parent":"sheng5"}],"bone":[{"transform":{"y":0.9856,"x":0.2816},"name":"root"},{"transform":{"y":-70.1873,"x":0.9541},"name":"sheng1","parent":"root"},{"transform":{"y":-57.4784,"x":-0.2196},"name":"sheng4","parent":"root"},{"length":15,"parent":"root","transform":{"y":-26.2662,"skX":81.2397,"skY":81.2397,"x":15.5036},"name":"sheng2"},{"length":16,"parent":"root","transform":{"y":-28.1607,"skX":97.275,"skY":97.275,"x":-19.929},"name":"sheng3"},{"length":18,"parent":"root","transform":{"y":-69.2791,"skX":36.7458,"skY":36.7458,"x":-21.651},"name":"sheng5"}],"skin":[{"name":"","slot":[{"display":[{"type":"image","transform":{"y":4.1968,"x":0.9388},"name":"sheng4","path":"sheng4"}],"name":"sheng4"},{"display":[{"edges":[1,3,3,2,2,0,0,4,4,10,10,1],"uvs":[0,0,1,0,0,1,1,1,0.28743,0,0.16993,0.31278,0.13993,0.82945,0.47618,0.66722,0.77868,0.91945,0.90368,0.45389,0.86618,0],"width":40,"path":"sheng3","triangles":[7,8,9,10,9,1,8,2,3,9,8,3,1,9,3,5,7,9,10,4,9,4,5,9,7,6,8,6,2,8,5,6,7,0,5,4,2,6,5,0,2,5],"vertices":[-20,-22.5,20,-22.5,-20,22.5,20,22.5,-8.5,-22.5,-13.2,-8.42,-14.4,14.83,-0.95,7.53,11.15,18.88,16.15,-2.07,14.65,-22.5],"type":"mesh","userEdges":[],"transform":{"y":0.1583,"skX":-97.275,"skY":-97.275,"x":15.3436},"name":"sheng3","height":45}],"name":"sheng3"},{"display":[{"edges":[0,1,1,2,2,3,3,4,4,5,5,6,6,0],"uvs":[0.48966,0.03182,0.26379,0.34205,0,0.77841,0.16724,1,0.65862,0.62159,1,0.24773,1,0],"width":29,"path":"sheng5","triangles":[1,4,5,0,1,5,0,5,6,1,2,4,2,3,4],"vertices":[-0.3,-20.6,-6.85,-6.95,-14.5,12.25,-9.65,22,4.6,5.35,14.5,-11.1,14.5,-22],"type":"mesh","userEdges":[],"transform":{"y":-0.642,"skX":-36.7458,"skY":-36.7458,"x":4.8061},"name":"sheng5","height":44}],"name":"sheng5"},{"display":[{"type":"image","transform":{"y":15.158,"x":-3.7573},"name":"sheng1","path":"sheng1"}],"name":"sheng1"},{"display":[{"edges":[1,3,3,2,2,0,0,5,5,4,4,11,11,1],"uvs":[0,0,1,0,0,1,1,1,0.50037,0,0.21162,0,0.13787,0.39846,0.25412,0.89401,0.52662,0.65735,0.93162,0.87401,0.86787,0.32068,0.76537,0],"width":40,"path":"sheng2","triangles":[10,8,9,11,10,1,10,9,1,9,7,3,7,2,3,1,9,3,8,7,9,6,8,10,4,6,10,11,4,10,5,6,4,6,7,8,0,6,5,6,2,7,0,2,6],"vertices":[-20,-22.5,20,-22.5,-20,22.5,20,22.5,0.01,-22.5,-11.54,-22.5,-14.49,-4.57,-9.84,17.73,1.06,7.08,17.26,16.83,14.71,-8.07,10.61,-22.5],"type":"mesh","userEdges":[],"transform":{"y":1.6948,"skX":-81.2397,"skY":-81.2397,"x":12.6393},"name":"sheng2","height":45}],"name":"sheng2"}]}],"type":"Armature","animation":[{"ffd":[{"scale":1,"slot":"sheng5","frame":[{"vertices":[-0.1,4.4,0,0,4,0.85,0.85,1.55,0,0,-0.1,0.1,-2.75,5.8],"curve":[0.5,0,1,1],"offset":0,"duration":13},{"vertices":[-0.1,4.4,0,0,4,0.85,0.85,1.55,0,0,-0.1,0.1,-2.75,5.8],"curve":[0.5,0,1,1],"offset":0,"duration":1},{"vertices":[1.3,9.85,2.95,1.9,7.1,0.85,4.15,0.95,0,0,-0.1,0.1,-2.3,9.3],"curve":[0.5,0,1,1],"offset":0,"duration":1},{"vertices":[-1.87,2.49,-3.05,-0.88,-6.01,6.63,0.85,1.55,0,0,4.25,-2.4,3.11,0.7],"curve":[0.5,0,1,1],"offset":0,"duration":1},{"vertices":[-1.87,2.49,-3.03,-0.93,-5.98,6.5,-1.01,7.07,0,0,4.17,-2.43,2.96,0.69],"tweenEasing":0,"offset":0,"duration":1},{"vertices":[-1.87,2.49,-2.97,-1.04,-5.89,6.17,2.04,-3.21,0,0,3.97,-2.52,2.58,0.68],"tweenEasing":0,"offset":0,"duration":3},{"vertices":[-1.87,2.49,-2.13,-2.62,-4.67,1.34,1.95,-7.51,0,0,-5.77,4.66,-12.45,4.26],"tweenEasing":0,"offset":0,"duration":3},{"vertices":[-0.78,5.9,1.89,-2.22,-3.14,-4.69,1.84,-12.9,-3.96,-2.77,-2.53,-5.36,-9.43,3.95],"tweenEasing":null,"offset":0,"duration":0}],"skin":"","name":"sheng5","offset":0},{"scale":1,"slot":"sheng3","frame":[{"vertices":[],"tweenEasing":null,"offset":0,"duration":15},{"vertices":[0.31,-4.18,0.2,-3.13,0.04,-3.08,0,0,0,0],"curve":[0.5,0,1,1],"offset":12,"duration":7},{"vertices":[-0.55,-0.1,0.87,-2.66,-1.92,-1.32,-2.25,-2.78,-3.34,0.24,0,0],"tweenEasing":null,"offset":10,"duration":1}],"skin":"","name":"sheng3","offset":0},{"scale":1,"slot":"sheng2","frame":[{"vertices":[],"tweenEasing":null,"offset":0,"duration":20},{"vertices":[2.57,-0.24,-1.13,0.03,0,0,-1.55,0.21,1.44,-0.04,0,0],"curve":[0.5,0,1,1],"offset":12,"duration":1},{"vertices":[1.23,0.09,-1.13,0.03,-0.78,0.19,-1.55,0.21,-0.79,0.74,0,0],"curve":[0.5,0,1,1],"offset":12,"duration":1},{"vertices":[0.23,0.72,-1.13,0.03,-1.34,0.21,-1.55,0.21,-1.93,1.12,0,0],"tweenEasing":null,"offset":12,"duration":1}],"skin":"","name":"sheng2","offset":0}],"playTimes":0,"ik":[],"slot":[{"colorFrame":[{"color":{"aM":0},"curve":[0.5,0,1,1],"duration":3},{"curve":[0.5,0,1,1],"duration":3},{"color":{"aM":67},"curve":[0.5,0,1,1],"duration":6},{"curve":[0.5,0,1,1],"duration":3},{"curve":[0.5,0,1,1],"duration":7},{"duration":1}],"displayFrame":[{"duration":15},{"duration":7},{"duration":1}],"name":"sheng4"},{"colorFrame":[{"color":{"aM":0},"curve":[0.5,0,1,1],"duration":9},{"color":{"aM":0},"curve":[0.5,0,1,1],"duration":2},{"curve":[0.5,0,1,1],"duration":4},{"duration":8}],"displayFrame":[{"duration":9},{"duration":2},{"duration":4},{"duration":8}],"name":"sheng3"},{"colorFrame":[{"color":{"aM":0},"curve":[0.5,0,1,1],"duration":7},{"color":{"aM":0},"curve":[0.5,0,1,1],"duration":5},{"curve":[0.5,0,1,1],"duration":9},{"curve":[0.5,0,1,1],"duration":1},{"duration":1}],"displayFrame":[{"duration":21},{"duration":1},{"duration":1}],"name":"sheng2"},{"colorFrame":[{"color":{"aM":0},"curve":[0.5,0,1,1],"duration":3},{"color":{"aM":0},"curve":[0.5,0,1,1],"duration":3},{"color":{"aM":28},"curve":[0.5,0,1,1],"duration":5},{"tweenEasing":0,"color":{"aM":79},"duration":5},{"duration":7}],"displayFrame":[],"name":"sheng1"},{"colorFrame":[{"color":{"aM":0},"curve":[0.5,0,1,1],"duration":13},{"color":{"aM":0},"curve":[0.5,0,1,1],"duration":1},{"curve":[0.5,0,1,1],"duration":2},{"tweenEasing":0,"duration":1},{"color":{"aM":54},"curve":[0.5,0,1,1],"duration":6},{"color":{"aM":10},"duration":0}],"displayFrame":[{"duration":16},{"duration":7}],"name":"sheng5"}],"frame":[],"duration":23,"name":"newAnimation","bone":[{"translateFrame":[],"scaleFrame":[],"name":"root","rotateFrame":[]},{"translateFrame":[],"scaleFrame":[{"x":0.59,"y":0.59,"curve":[0.5,0,1,1],"duration":8},{"x":0.59,"y":0.59,"curve":[0.5,0,1,1],"duration":2},{"x":0.59,"y":0.59,"curve":[0.5,0,1,1],"duration":3},{"x":0.59,"y":0.59,"curve":[0.5,0,1,1],"duration":1},{"curve":[0.5,0,1,1],"duration":1},{"x":1.09,"y":1.09,"curve":[0.5,0,1,1],"duration":3},{"curve":[0.5,0,1,1],"duration":3},{"duration":2}],"name":"sheng1","rotateFrame":[]},{"translateFrame":[],"scaleFrame":[{"x":1.3,"y":1.3,"tweenEasing":0,"duration":7},{"x":0.65,"y":0.65,"curve":[0.5,0,1,1],"duration":2},{"x":0.65,"y":0.65,"curve":[0.5,0,1,1],"duration":5},{"x":1.08,"y":1.08,"curve":[0.5,0,1,1],"duration":2},{"x":0.99,"y":0.98,"curve":[0.5,0,1,1],"duration":3},{"x":1.08,"y":1.08,"duration":4}],"name":"sheng4","rotateFrame":[]},{"translateFrame":[{"x":-3.5036,"y":-21.5038,"curve":[0.5,0,1,1],"duration":7},{"x":-3.5036,"y":-21.5038,"curve":[0.5,0,1,1],"duration":4},{"x":-3.5036,"y":-21.5038,"curve":[0.5,0,1,1],"duration":1},{"x":-3.5036,"y":-21.5038,"curve":[0.5,0,1,1],"duration":6},{"y":3.9924,"curve":[0.5,0,1,1],"duration":2},{"y":3.9924,"curve":[0.5,0,1,1],"duration":2},{"y":3.9924,"duration":1}],"scaleFrame":[{"x":1.18,"y":0.9629,"curve":[0.5,0,1,1],"duration":7},{"x":1.18,"y":0.9629,"curve":[0.5,0,1,1],"duration":4},{"x":1.18,"y":0.9629,"curve":[0.5,0,1,1],"duration":1},{"x":1.18,"y":0.9629,"curve":[0.5,0,1,1],"duration":6},{"x":1.18,"y":0.97,"curve":[0.5,0,1,1],"duration":2},{"x":1.18,"y":0.97,"curve":[0.5,0,1,1],"duration":2},{"x":1.18,"y":0.97,"duration":1}],"name":"sheng2","rotateFrame":[]},{"translateFrame":[{"duration":3},{"x":6.499,"y":-19.9993,"curve":[0.5,0,1,1],"duration":2},{"x":7.659,"y":-12.0016,"curve":[0.5,0,1,1],"duration":2},{"x":4.1638,"y":-12.0016,"curve":[0.5,0,1,1],"duration":4},{"x":8.0932,"y":-15.9323,"tweenEasing":0,"duration":11},{"y":4.1638,"curve":[0.5,0,1,1],"duration":1},{"x":-0.1959,"y":3.7229,"duration":0}],"scaleFrame":[{"x":0.75,"y":0.83,"curve":[0.5,0,1,1],"duration":9},{"x":0.7034,"y":0.7784,"curve":[0.5,0,1,1],"duration":2},{"x":0.75,"y":0.83,"curve":[0.5,0,1,1],"duration":11},{"x":1.09,"duration":1}],"name":"sheng3","rotateFrame":[]},{"translateFrame":[{"curve":[0.5,0,1,1],"duration":13},{"curve":[0.5,0,1,1],"duration":1},{"curve":[0.5,0,1,1],"duration":3},{"x":25.501,"y":15.9991,"curve":[0.5,0,1,1],"duration":6},{"x":34.5819,"y":26.6493,"duration":0}],"scaleFrame":[{"curve":[0.5,0,1,1],"duration":13},{"curve":[0.5,0,1,1],"duration":1},{"curve":[0.5,0,1,1],"duration":3},{"x":0.7783,"y":1.0287,"curve":[0.5,0,1,1],"duration":6},{"x":1.0107,"y":1.0107,"duration":0}],"name":"sheng5","rotateFrame":[{"curve":[0.5,0,1,1],"duration":13},{"curve":[0.5,0,1,1],"duration":1},{"curve":[0.5,0,1,1],"duration":9},{"duration":0}]}]}],"aabb":{"x":-55.5215498709294,"y":-99.54364823792417,"width":106,"height":110.06857692660347},"name":"Armature"}]}