{"frameRate":24,"version":"5.5","isGlobal":0,"name":"比赢","armature":[{"frameRate":24,"defaultActions":[{"gotoAndPlay":"animtion0"}],"ik":[],"slot":[{"color":{},"name":"_gzyz_bipai_02","parent":"_gzyz_bipai_02"},{"z":1,"color":{},"name":"_gzyz_bipai_01","parent":"_gzyz_bipai_01"},{"z":2,"color":{},"name":"win01","parent":"win01"}],"bone":[{"transform":{},"name":"root"},{"length":1,"parent":"root","transform":{"y":-178,"skX":56.3099,"skY":56.3099,"x":-346.5},"name":"_gzyz_bipai_012"},{"length":1,"parent":"root","transform":{"y":-177,"skX":26.5651,"skY":26.5651,"x":-347},"name":"_gzyz_bipai_021"},{"length":1,"parent":"root","transform":{"y":8.4286,"skX":56.3099,"skY":56.3099,"x":1.75},"name":"_gzyz_bipai_02"},{"transform":{"y":2.6,"x":0.95},"name":"win01","parent":"root"},{"transform":{"y":0.6934,"skX":-56.3099,"skY":-56.3099,"x":-1.6641},"name":"_gzyz_bipai_01","parent":"_gzyz_bipai_02"}],"skin":[{"name":"","slot":[{"display":[{"type":"image","transform":{"y":-0.5547,"skX":-56.3099,"skY":-56.3099,"x":0.9707},"name":"_gzyz_bipai_02","path":"_gzyz_bipai_02"}],"name":"_gzyz_bipai_02"},{"display":[{"type":"image","transform":{"y":-1,"x":2},"name":"_gzyz_bipai_01","path":"_gzyz_bipai_01"}],"name":"_gzyz_bipai_01"},{"display":[{"type":"image","transform":{"y":-2.6,"x":-0.95},"name":"win01","path":"win01"},{"type":"image","transform":{"y":-2.6,"x":-0.95},"name":"win03","path":"win03"},{"type":"image","transform":{"y":-2.6,"x":-0.95},"name":"win04","path":"win04"},{"type":"image","transform":{"y":-2.6,"x":-0.95},"name":"win05","path":"win05"},{"type":"image","transform":{"y":-2.6,"x":-0.95},"name":"win06","path":"win06"},{"type":"image","transform":{"y":-2.6,"x":-0.95},"name":"win07","path":"win07"},{"type":"image","transform":{"y":-2.6,"x":-0.95},"name":"win08","path":"win08"},{"type":"image","transform":{"y":-2.6,"x":-0.95},"name":"win09","path":"win09"},{"type":"image","transform":{"y":-2.6,"x":-0.95},"name":"win10","path":"win10"},{"type":"image","transform":{"y":-2.6,"x":-0.95},"name":"win11","path":"win11"},{"type":"image","transform":{"y":-2.6,"x":-0.95},"name":"win02","path":"win02"}],"name":"win01"}]}],"type":"Armature","animation":[{"ffd":[],"playTimes":0,"ik":[],"slot":[{"colorFrame":[{"tweenEasing":0,"duration":32},{"color":{"aM":0},"duration":0}],"displayFrame":[],"name":"_gzyz_bipai_02"},{"colorFrame":[{"tweenEasing":0,"duration":32},{"color":{"aM":0},"duration":0}],"displayFrame":[],"name":"_gzyz_bipai_01"},{"colorFrame":[{"tweenEasing":0,"color":{"aM":0},"duration":3},{"tweenEasing":0,"duration":29},{"color":{"aM":0},"duration":0}],"displayFrame":[{"value":-1,"duration":3},{"value":9,"duration":2},{"value":8,"duration":2},{"value":7,"duration":2},{"value":6,"duration":2},{"value":5,"duration":2},{"value":4,"duration":2},{"value":3,"duration":2},{"value":2,"duration":2},{"value":1,"duration":2},{"value":10,"duration":2},{"duration":9}],"name":"win01"}],"frame":[],"duration":32,"name":"animtion0","bone":[{"translateFrame":[],"scaleFrame":[],"name":"root","rotateFrame":[]},{"translateFrame":[],"scaleFrame":[{"x":0.5,"y":0.5,"tweenEasing":0,"duration":21},{"duration":11}],"name":"_gzyz_bipai_012","rotateFrame":[]},{"translateFrame":[],"scaleFrame":[{"x":0.5,"y":0.5,"tweenEasing":0,"duration":15},{"duration":17}],"name":"_gzyz_bipai_021","rotateFrame":[]},{"translateFrame":[{"x":1.6641,"y":-0.6934,"tweenEasing":0,"duration":21},{"x":1.6641,"y":-0.6934,"duration":11}],"scaleFrame":[{"x":0.5,"y":0.5,"tweenEasing":0,"duration":21},{"duration":11}],"name":"_gzyz_bipai_01","rotateFrame":[]},{"translateFrame":[{"x":-1.75,"y":-8.4286,"duration":32}],"scaleFrame":[{"x":0.5,"y":0.5,"tweenEasing":0,"duration":15},{"duration":17}],"name":"_gzyz_bipai_02","rotateFrame":[]},{"translateFrame":[{"duration":3},{"duration":29}],"scaleFrame":[{"duration":3},{"tweenEasing":0,"duration":29},{"x":1.4,"y":1.4,"duration":0}],"name":"win01","rotateFrame":[{"duration":3},{"duration":29}]}]}],"aabb":{"x":-114,"y":-100.07142857142864,"width":228,"height":218},"name":"Armature"},{"frameRate":24,"defaultActions":[{"gotoAndPlay":""}],"ik":[],"slot":[],"bone":[{"transform":{},"name":"root"}],"skin":[],"type":"MovieClip","animation":[],"aabb":{"x":0,"y":0,"width":0,"height":0},"name":"MovieClip"},{"frameRate":24,"defaultActions":[{"gotoAndPlay":""}],"ik":[],"slot":[],"bone":[{"transform":{},"name":"root"}],"skin":[],"type":"Sheet","animation":[],"aabb":{"x":0,"y":0,"width":0,"height":0},"name":"Sprite"}]}