{"imagePath":"比赢_tex.png","width":897,"name":"比赢","SubTexture":[{"y":1,"frameY":-1,"height":216,"frameWidth":218,"frameX":-1,"frameHeight":218,"width":216,"name":"_gzyz_bipai_02","x":1},{"y":592,"frameY":-5,"height":177,"frameWidth":187,"frameX":-5,"frameHeight":187,"width":177,"name":"_gzyz_bipai_01","x":1},{"y":377,"frameY":0,"height":186,"frameWidth":228,"frameX":-17,"frameHeight":186,"width":203,"name":"win06","x":218},{"y":565,"frameY":0,"height":186,"frameWidth":228,"frameX":-23,"frameHeight":186,"width":189,"name":"win09","x":199},{"y":189,"frameY":0,"height":186,"frameWidth":228,"frameX":-14,"frameHeight":186,"width":211,"name":"win04","x":436},{"y":753,"frameY":-7,"height":174,"frameWidth":228,"frameX":-37,"frameHeight":186,"width":165,"name":"win11","x":180},{"y":189,"frameY":0,"height":186,"frameWidth":228,"frameX":-15,"frameHeight":186,"width":208,"name":"win05","x":649},{"y":189,"frameY":0,"height":186,"frameWidth":228,"frameX":-13,"frameHeight":186,"width":215,"name":"win03","x":219},{"y":1,"frameY":0,"height":186,"frameWidth":228,"frameX":-4,"frameHeight":186,"width":216,"name":"win02","x":679},{"x":219,"y":1,"width":228,"name":"win01","height":186},{"x":449,"y":1,"width":228,"name":"win07","height":186},{"y":404,"frameY":0,"height":186,"frameWidth":228,"frameX":-22,"frameHeight":186,"width":196,"name":"win08","x":1},{"y":219,"frameY":-3,"height":183,"frameWidth":228,"frameX":0,"frameHeight":186,"width":215,"name":"win10","x":1}],"height":929}