{"frameRate":24,"version":"5.5","armature":[{"frameRate":24,"defaultActions":[{"gotoAndPlay":"animtion0"}],"animation":[{"slot":[{"colorFrame":[],"name":"bg2","displayFrame":[]},{"colorFrame":[],"name":"img_dating_dailituiguang01","displayFrame":[]},{"colorFrame":[],"name":"img_dating_dailituiguang02","displayFrame":[]},{"colorFrame":[],"name":"img_dating_dailituiguang","displayFrame":[]},{"colorFrame":[],"name":"img_zhanghaoshengji_guang","displayFrame":[]},{"colorFrame":[],"name":"glg_003","displayFrame":[{"value":-1,"duration":14},{"duration":2},{"value":1,"duration":2},{"value":2,"duration":2},{"value":3,"duration":2},{"value":4,"duration":2},{"value":5,"duration":2},{"value":6,"duration":2},{"value":7,"duration":2},{"value":-1,"duration":10}]}],"ffd":[],"playTimes":0,"frame":[],"bone":[{"rotateFrame":[],"translateFrame":[],"scaleFrame":[],"name":"root"},{"rotateFrame":[],"translateFrame":[],"scaleFrame":[{"duration":20,"y":0.7,"tweenEasing":0,"x":0.7},{"duration":20,"y":0.9,"tweenEasing":0,"x":0.9},{"duration":0,"y":0.7,"x":0.7}],"name":"bg2"},{"rotateFrame":[],"translateFrame":[],"scaleFrame":[],"name":"glg_003"},{"rotateFrame":[],"translateFrame":[{"duration":12,"tweenEasing":0},{"duration":28,"y":-1.769,"tweenEasing":0},{"duration":0}],"scaleFrame":[],"name":"img_dating_dailituiguang02"},{"rotateFrame":[],"translateFrame":[{"duration":24,"tweenEasing":0},{"duration":16,"y":-1.5921,"tweenEasing":0},{"duration":0}],"scaleFrame":[],"name":"img_dating_dailituiguang"},{"rotateFrame":[],"translateFrame":[],"scaleFrame":[{"duration":19,"tweenEasing":0},{"duration":21,"y":2,"tweenEasing":0,"x":2},{"duration":0}],"name":"img_zhanghaoshengji_guang"}],"duration":40,"ik":[],"name":"animtion0"}],"slot":[{"name":"bg2","parent":"bg2","color":{}},{"z":1,"name":"img_dating_dailituiguang01","parent":"root","color":{}},{"z":2,"name":"img_dating_dailituiguang02","parent":"img_dating_dailituiguang02","color":{}},{"z":3,"name":"img_dating_dailituiguang","parent":"img_dating_dailituiguang","color":{}},{"z":4,"name":"img_zhanghaoshengji_guang","parent":"img_zhanghaoshengji_guang","color":{}},{"z":5,"displayIndex":7,"name":"glg_003","parent":"glg_003","color":{}}],"bone":[{"transform":{},"name":"root"},{"transform":{"y":-0.7,"x":1.05},"name":"bg2","parent":"root"},{"transform":{"y":3,"x":1.4},"name":"glg_003","parent":"root"},{"transform":{"y":-1.05,"x":-1.4},"name":"img_dating_dailituiguang02","parent":"root"},{"transform":{"y":29.35,"x":2.65},"name":"img_dating_dailituiguang","parent":"root"},{"transform":{"y":-7.6,"x":3},"name":"img_zhanghaoshengji_guang","parent":"root"}],"type":"Armature","skin":[{"slot":[{"display":[{"type":"image","transform":{"y":-0.1388,"x":-2.1014},"name":"img_dating_dailituiguang01","path":"img_dating_dailituiguang01"}],"name":"img_dating_dailituiguang01"},{"display":[{"type":"image","transform":{"y":2.2565,"x":2.2969},"name":"bg2","path":"bg2"}],"name":"bg2"},{"display":[{"type":"image","transform":{"y":0.8731,"x":0.5334},"name":"img_zhanghaoshengji_guang","path":"img_zhanghaoshengji_guang"}],"name":"img_zhanghaoshengji_guang"},{"display":[{"type":"image","transform":{"y":-3,"x":-1.4},"name":"zk-dl/glg_003","path":"zk-dl/glg_003"},{"type":"image","transform":{"y":-3,"x":-1.4},"name":"zk-dl/glg_004","path":"zk-dl/glg_004"},{"type":"image","transform":{"y":-3,"x":-1.4},"name":"zk-dl/glg_005","path":"zk-dl/glg_005"},{"type":"image","transform":{"y":-3,"x":-1.4},"name":"zk-dl/glg_006","path":"zk-dl/glg_006"},{"type":"image","transform":{"y":-3,"x":-1.4},"name":"zk-dl/glg_007","path":"zk-dl/glg_007"},{"type":"image","transform":{"y":-3,"x":-1.4},"name":"zk-dl/glg_008","path":"zk-dl/glg_008"},{"type":"image","transform":{"y":-3,"x":-1.4},"name":"zk-dl/glg_009","path":"zk-dl/glg_009"},{"type":"image","transform":{"y":-3,"x":-1.4},"name":"zk-dl/glg_010","path":"zk-dl/glg_010"}],"name":"glg_003"},{"display":[{"type":"image","transform":{"y":-0.7005,"x":2.3023},"name":"img_dating_dailituiguang","path":"img_dating_dailituiguang"}],"name":"img_dating_dailituiguang"},{"display":[{"type":"image","transform":{"y":-3.3491,"x":3.9945},"name":"img_dating_dailituiguang02","path":"img_dating_dailituiguang02"}],"name":"img_dating_dailituiguang02"}],"name":""}],"ik":[],"name":"Armature","aabb":{"x":-80.10135046207238,"y":-68.44349048978752,"width":158.1013504620724,"height":140}}],"name":"dl","isGlobal":0}