{"SubTexture":[{"x":1,"y":1,"width":137,"name":"bg2","height":140},{"y":143,"frameX":-27,"height":81,"frameY":-5,"frameWidth":156,"width":108,"name":"img_dating_dailituiguang01","frameHeight":99,"x":1},{"x":140,"y":74,"width":82,"name":"img_dating_dailituiguang02","height":58},{"x":306,"y":95,"width":102,"name":"img_dating_dailituiguang","height":36},{"y":59,"frameX":0,"height":50,"frameY":-2,"frameWidth":52,"width":52,"name":"img_zhanghaoshengji_guang","frameHeight":52,"x":410},{"y":143,"frameX":-19,"height":92,"frameY":-3,"frameWidth":156,"width":78,"name":"zk-dl/glg_005","frameHeight":98,"x":412},{"y":143,"frameX":-45,"height":79,"frameY":-16,"frameWidth":156,"width":106,"name":"zk-dl/glg_008","frameHeight":98,"x":214},{"y":1,"frameX":-64,"height":71,"frameY":-24,"frameWidth":156,"width":92,"name":"zk-dl/glg_009","frameHeight":98,"x":140},{"y":1,"frameX":-1,"height":92,"frameY":-2,"frameWidth":156,"width":60,"name":"zk-dl/glg_003","frameHeight":98,"x":306},{"y":143,"frameX":-32,"height":85,"frameY":-10,"frameWidth":156,"width":101,"name":"zk-dl/glg_007","frameHeight":98,"x":111},{"y":143,"frameX":-25,"height":89,"frameY":-6,"frameWidth":156,"width":88,"name":"zk-dl/glg_006","frameHeight":98,"x":322},{"y":1,"frameX":-9,"height":93,"frameY":-2,"frameWidth":156,"width":70,"name":"zk-dl/glg_004","frameHeight":98,"x":234},{"y":1,"frameX":-84,"height":56,"frameY":-39,"frameWidth":156,"width":72,"name":"zk-dl/glg_010","frameHeight":98,"x":368}],"imagePath":"dl_tex.png","width":512,"name":"dl","height":256}