{"frameRate":24,"version":"5.5","isGlobal":0,"name":"cz","armature":[{"frameRate":24,"ik":[],"aabb":{"x":-106,"y":-59.5,"width":219.50000000000034,"height":106.5},"slot":[{"color":{},"name":"img_dating_chongzhi01","parent":"root"},{"z":1,"displayIndex":11,"color":{},"name":"cz_000","parent":"cz_000"},{"z":2,"color":{},"name":"img_dating_chongzhi02","parent":"img_dating_chongzhi02"},{"z":3,"color":{},"name":"img_dating_chongzhi03","parent":"img_dating_chongzhi03"},{"z":4,"color":{},"name":"img_dating_chongzhi04","parent":"img_dating_chongzhi04"},{"z":5,"color":{},"name":"img_dating_chongzhi04-light","parent":"img_dating_chongzhi04-light"},{"z":6,"color":{},"name":"img_zhanghaoshengji_guang","parent":"img_zhanghaoshengji_guang"}],"defaultActions":[{"gotoAndPlay":"cz"}],"skin":[{"name":"","slot":[{"display":[{"type":"image","transform":{"y":1},"name":"img_dating_chongzhi04","path":"img_dating_chongzhi04"}],"name":"img_dating_chongzhi04"},{"display":[{"type":"image","transform":{},"name":"img_dating_chongzhi01","path":"img_dating_chongzhi01"}],"name":"img_dating_chongzhi01"},{"display":[{"type":"image","transform":{"y":1.1601,"x":1.4463},"name":"img_zhanghaoshengji_guang","path":"img_zhanghaoshengji_guang"}],"name":"img_zhanghaoshengji_guang"},{"display":[{"type":"image","transform":{"y":1.15,"x":0.65},"name":"cz/cz_000","path":"cz/cz_000"},{"type":"image","transform":{"y":1.15,"x":0.65},"name":"cz/cz_001","path":"cz/cz_001"},{"type":"image","transform":{"y":1.15,"x":0.65},"name":"cz/cz_002","path":"cz/cz_002"},{"type":"image","transform":{"y":1.15,"x":0.65},"name":"cz/cz_003","path":"cz/cz_003"},{"type":"image","transform":{"y":1.15,"x":0.65},"name":"cz/cz_004","path":"cz/cz_004"},{"type":"image","transform":{"y":1.15,"x":0.65},"name":"cz/cz_005","path":"cz/cz_005"},{"type":"image","transform":{"y":1.15,"x":0.65},"name":"cz/cz_006","path":"cz/cz_006"},{"type":"image","transform":{"y":1.15,"x":0.65},"name":"cz/cz_007","path":"cz/cz_007"},{"type":"image","transform":{"y":1.15,"x":0.65},"name":"cz/cz_008","path":"cz/cz_008"},{"type":"image","transform":{"y":1.15,"x":0.65},"name":"cz/cz_009","path":"cz/cz_009"},{"type":"image","transform":{"y":1.15,"x":0.65},"name":"cz/cz_010","path":"cz/cz_010"},{"type":"image","transform":{"y":1.15,"x":0.65},"name":"cz/cz_011","path":"cz/cz_011"}],"name":"cz_000"},{"display":[{"type":"image","transform":{"y":1.45,"x":-1.1},"name":"img_dating_chongzhi04-light","path":"img_dating_chongzhi04-light"}],"name":"img_dating_chongzhi04-light"},{"display":[{"type":"image","transform":{"y":5.3,"x":-3.1},"name":"img_dating_chongzhi03","path":"img_dating_chongzhi03"}],"name":"img_dating_chongzhi03"},{"display":[{"type":"image","transform":{"y":2.533,"skX":70.7534,"skY":70.7534,"x":23.2335},"name":"img_dating_chongzhi02","path":"img_dating_chongzhi02"}],"name":"img_dating_chongzhi02"}]}],"type":"Armature","animation":[{"ffd":[],"playTimes":0,"slot":[{"colorFrame":[],"displayFrame":[],"name":"img_dating_chongzhi02"},{"colorFrame":[{"tweenEasing":0,"duration":48},{"duration":0}],"displayFrame":[{"duration":48},{"duration":0}],"name":"img_dating_chongzhi03"},{"colorFrame":[{"tweenEasing":0,"color":{"aM":0},"duration":11},{"tweenEasing":0,"color":{"aM":0},"duration":8},{"tweenEasing":0,"color":{"aM":70},"duration":10},{"color":{"aM":0},"duration":19}],"displayFrame":[],"name":"img_dating_chongzhi04-light"},{"colorFrame":[],"displayFrame":[],"name":"img_dating_chongzhi04"},{"colorFrame":[],"displayFrame":[{"duration":2},{"value":1,"duration":2},{"value":2,"duration":2},{"value":3,"duration":2},{"value":4,"duration":2},{"value":5,"duration":2},{"value":6,"duration":2},{"value":7,"duration":2},{"value":8,"duration":2},{"value":9,"duration":2},{"value":10,"duration":2},{"value":11,"duration":26}],"name":"cz_000"},{"colorFrame":[{"tweenEasing":0,"color":{"aM":0},"duration":15},{"tweenEasing":0,"duration":16},{"color":{"aM":0},"duration":17}],"displayFrame":[],"name":"img_zhanghaoshengji_guang"},{"colorFrame":[],"displayFrame":[],"name":"img_dating_chongzhi01"}],"frame":[],"duration":48,"ik":[],"name":"cz","bone":[{"translateFrame":[],"scaleFrame":[],"name":"root","rotateFrame":[]},{"translateFrame":[{"tweenEasing":0,"duration":31},{"x":-1.0561,"y":-2.6403,"tweenEasing":0,"duration":17},{"duration":0}],"scaleFrame":[],"name":"img_dating_chongzhi02","rotateFrame":[{"tweenEasing":0,"duration":31},{"tweenEasing":0,"rotate":5.5034,"duration":17},{"duration":0}]},{"translateFrame":[{"tweenEasing":0,"duration":24},{"y":-2.3297,"tweenEasing":0,"duration":24},{"duration":0}],"scaleFrame":[{"duration":19},{"tweenEasing":0,"duration":8},{"x":1.2,"y":1.2,"duration":21}],"name":"img_dating_chongzhi04-light","rotateFrame":[]},{"translateFrame":[{"tweenEasing":0,"duration":24},{"y":-2.3297,"tweenEasing":0,"duration":24},{"duration":0}],"scaleFrame":[],"name":"img_dating_chongzhi04","rotateFrame":[]},{"translateFrame":[{"x":-3.4169,"y":0.7766,"tweenEasing":0,"duration":35},{"x":-3.4169,"y":0.7766,"tweenEasing":0,"duration":13},{"x":-3.4169,"y":0.7766,"duration":0}],"scaleFrame":[],"name":"img_dating_chongzhi03","rotateFrame":[{"tweenEasing":0,"duration":35},{"tweenEasing":0,"rotate":5.5,"duration":13},{"duration":0}]},{"translateFrame":[],"scaleFrame":[],"name":"cz_000","rotateFrame":[]},{"translateFrame":[{"x":3.0446,"y":-2.545,"tweenEasing":0,"duration":4},{"x":3.0446,"y":8.7191,"tweenEasing":0,"duration":7},{"x":-3.2708,"y":15.8829,"tweenEasing":0,"duration":8},{"x":-13.8281,"y":21.2558,"tweenEasing":0,"duration":6},{"x":-17.41,"y":32.765,"duration":23}],"scaleFrame":[],"name":"img_zhanghaoshengji_guang","rotateFrame":[{"tweenEasing":0,"duration":25},{"rotate":180,"duration":23}]}]}],"name":"Armature","bone":[{"transform":{},"name":"root"},{"length":43,"parent":"root","transform":{"y":17.6,"skX":-70.7534,"skY":-70.7534,"x":57.45},"name":"img_dating_chongzhi02"},{"transform":{"y":-1.95,"x":-14.4},"name":"img_dating_chongzhi04-light","parent":"root"},{"transform":{"y":-1,"x":-14.55},"name":"img_dating_chongzhi04","parent":"root"},{"transform":{"y":-35.3,"x":88.6},"name":"img_dating_chongzhi03","parent":"root"},{"transform":{"y":-1.15,"x":-0.65},"name":"cz_000","parent":"root"},{"transform":{"y":-20.4,"x":78.4},"name":"img_zhanghaoshengji_guang","parent":"root"}]}]}