{"imagePath":"cz_tex.png","width":512,"name":"cz","SubTexture":[{"y":1,"frameY":-6,"height":88,"frameWidth":212,"frameX":-2,"frameHeight":94,"width":210,"name":"img_dating_chongzhi01","x":215},{"y":97,"frameY":-18,"height":76,"frameWidth":212,"frameX":-154,"frameHeight":94,"width":58,"name":"cz/cz_009","x":112},{"y":1,"frameY":-9,"height":85,"frameWidth":212,"frameX":-126,"frameHeight":94,"width":82,"name":"cz/cz_008","x":427},{"y":187,"frameY":-6,"height":88,"frameWidth":212,"frameX":-97,"frameHeight":94,"width":97,"name":"cz/cz_007","x":1},{"y":181,"frameY":-6,"height":88,"frameWidth":212,"frameX":-2,"frameHeight":94,"width":89,"name":"cz/cz_002","x":222},{"y":181,"frameY":-6,"height":88,"frameWidth":212,"frameX":-69,"frameHeight":94,"width":108,"name":"cz/cz_006","x":112},{"y":181,"frameY":-6,"height":85,"frameWidth":212,"frameX":-2,"frameHeight":94,"width":67,"name":"cz/cz_001","x":419},{"y":91,"frameY":-6,"height":88,"frameWidth":212,"frameX":-40,"frameHeight":94,"width":116,"name":"cz/cz_005","x":339},{"y":268,"frameY":-6,"height":43,"frameWidth":212,"frameX":-18,"frameHeight":94,"width":30,"name":"cz/cz_000","x":477},{"y":91,"frameY":-6,"height":88,"frameWidth":212,"frameX":-12,"frameHeight":94,"width":122,"name":"cz/cz_004","x":215},{"x":1,"y":1,"width":212,"name":"cz/cz_011","height":94},{"y":97,"frameY":-6,"height":88,"frameWidth":212,"frameX":-4,"frameHeight":94,"width":109,"name":"cz/cz_003","x":1},{"y":97,"frameY":-37,"height":54,"frameWidth":212,"frameX":-184,"frameHeight":94,"width":28,"name":"cz/cz_010","x":172},{"x":457,"y":88,"width":47,"name":"img_dating_chongzhi02","height":74},{"x":419,"y":268,"width":56,"name":"img_dating_chongzhi03","height":59},{"y":181,"frameY":-1,"height":56,"frameWidth":106,"frameX":-2,"frameHeight":57,"width":104,"name":"img_dating_chongzhi04","x":313},{"y":239,"frameY":-1,"height":56,"frameWidth":106,"frameX":-2,"frameHeight":57,"width":104,"name":"img_dating_chongzhi04-light","x":313},{"y":271,"frameY":-2,"height":50,"frameWidth":52,"frameX":0,"frameHeight":52,"width":52,"name":"img_zhanghaoshengji_guang","x":100}],"height":512}