{"imagePath":"table_countdown_tex.png","width":1024,"name":"table_countdown","SubTexture":[{"x":1,"y":1,"width":663,"name":"img_baijiale_faguang","height":666},{"x":1,"y":669,"width":281,"name":"img_baijiale_guanghuan","height":280},{"y":669,"frameY":-48,"height":185,"frameWidth":281,"frameX":-85,"frameHeight":280,"width":112,"name":"img_baijiale_3","x":284},{"y":669,"frameY":-49,"height":182,"frameWidth":281,"frameX":-85,"frameHeight":280,"width":112,"name":"img_baijiale_2","x":398},{"y":669,"frameY":-50,"height":181,"frameWidth":281,"frameX":-94,"frameHeight":280,"width":72,"name":"img_baijiale_1","x":512}],"height":1024}