{"frameRate":24,"version":"5.5","isGlobal":0,"name":"table_countdown","armature":[{"frameRate":24,"defaultActions":[{"gotoAndPlay":"animtion0"}],"ik":[],"slot":[{"color":{},"name":"img_baijiale_faguang","parent":"img_baijiale_faguang"},{"z":1,"color":{},"name":"img_baijiale_faguang1","parent":"img_baijiale_faguang1"},{"z":2,"color":{},"name":"img_baijiale_guanghuan","parent":"img_baijiale_guanghuan"},{"z":3,"color":{},"name":"img_baijiale_3","parent":"img_baijiale_3"},{"z":4,"color":{},"name":"img_baijiale_2","parent":"img_baijiale_2"},{"z":5,"color":{},"name":"img_baijiale_1","parent":"img_baijiale_1"}],"bone":[{"transform":{},"name":"root"},{"transform":{"y":-1.3,"x":-1.9},"name":"img_baijiale_faguang","parent":"root"},{"transform":{"y":-0.3,"x":-0.65},"name":"img_baijiale_2","parent":"root"},{"transform":{"y":0.95,"x":-0.3},"name":"img_baijiale_guanghuan","parent":"root"},{"transform":{"y":-0.3,"x":-1.9},"name":"img_baijiale_3","parent":"root"},{"transform":{"y":-0.95,"x":-0.65},"name":"img_baijiale_1","parent":"root"},{"transform":{"y":-1.3,"x":-1.9},"name":"img_baijiale_faguang1","parent":"root"}],"skin":[{"name":"","slot":[{"display":[{"type":"image","transform":{"y":0.3,"x":0.65},"name":"img_baijiale_2","path":"img_baijiale_2"}],"name":"img_baijiale_2"},{"display":[{"type":"image","transform":{"y":0.95,"x":0.65},"name":"img_baijiale_1","path":"img_baijiale_1"}],"name":"img_baijiale_1"},{"display":[{"type":"image","transform":{"y":1.3,"x":1.9},"name":"img_baijiale_faguang","path":"img_baijiale_faguang"}],"name":"img_baijiale_faguang"},{"display":[{"type":"image","transform":{"y":1.3,"x":1.9},"name":"img_baijiale_faguang","path":"img_baijiale_faguang"}],"name":"img_baijiale_faguang1"},{"display":[{"type":"image","transform":{"y":-0.95,"x":0.3},"name":"img_baijiale_guanghuan","path":"img_baijiale_guanghuan"}],"name":"img_baijiale_guanghuan"},{"display":[{"type":"image","transform":{"y":0.3,"x":1.9},"name":"img_baijiale_3","path":"img_baijiale_3"}],"name":"img_baijiale_3"}]}],"type":"Armature","animation":[{"ffd":[],"playTimes":0,"ik":[],"slot":[{"colorFrame":[{"duration":68},{"tweenEasing":0,"duration":8},{"color":{"aM":0},"duration":6}],"displayFrame":[],"name":"img_baijiale_guanghuan"},{"colorFrame":[{"tweenEasing":0,"duration":3},{"tweenEasing":0,"duration":21},{"tweenEasing":0,"duration":1},{"color":{"aM":0},"duration":57}],"displayFrame":[],"name":"img_baijiale_3"},{"colorFrame":[{"tweenEasing":0,"color":{"aM":0},"duration":23},{"tweenEasing":0,"color":{"aM":0},"duration":1},{"tweenEasing":0,"duration":4},{"tweenEasing":0,"duration":19},{"tweenEasing":0,"duration":1},{"color":{"aM":0},"duration":34}],"displayFrame":[],"name":"img_baijiale_2"},{"colorFrame":[{"tweenEasing":0,"color":{"aM":0},"duration":27},{"tweenEasing":0,"color":{"aM":0},"duration":20},{"tweenEasing":0,"color":{"aM":0},"duration":1},{"tweenEasing":0,"duration":4},{"tweenEasing":0,"duration":6},{"tweenEasing":0,"duration":12},{"tweenEasing":0,"duration":6},{"color":{"aM":0},"duration":6}],"displayFrame":[],"name":"img_baijiale_1"},{"colorFrame":[{"tweenEasing":0,"color":{"aM":0},"duration":5},{"tweenEasing":0,"duration":9},{"tweenEasing":0,"color":{"aM":0},"duration":10},{"tweenEasing":0,"color":{"aM":0},"duration":5},{"tweenEasing":0,"duration":9},{"tweenEasing":0,"color":{"aM":0},"duration":10},{"tweenEasing":0,"color":{"aM":0},"duration":5},{"tweenEasing":0,"duration":9},{"color":{"aM":0},"duration":20}],"displayFrame":[],"name":"img_baijiale_faguang"},{"colorFrame":[{"tweenEasing":0,"color":{"aM":0},"duration":5},{"tweenEasing":0,"duration":9},{"tweenEasing":0,"color":{"aM":0},"duration":10},{"tweenEasing":0,"color":{"aM":0},"duration":5},{"tweenEasing":0,"duration":9},{"tweenEasing":0,"color":{"aM":0},"duration":10},{"tweenEasing":0,"color":{"aM":0},"duration":5},{"tweenEasing":0,"duration":9},{"color":{"aM":0},"duration":20}],"displayFrame":[],"name":"img_baijiale_faguang1"}],"frame":[],"duration":82,"name":"animtion0","bone":[{"translateFrame":[],"scaleFrame":[],"name":"root","rotateFrame":[]},{"translateFrame":[],"scaleFrame":[{"x":0.01,"y":0.01,"tweenEasing":0,"duration":5},{"x":1.2,"y":1.2,"tweenEasing":0,"duration":5},{"x":1.2,"y":1.2,"tweenEasing":0,"duration":14},{"x":0.01,"y":0.01,"tweenEasing":0,"duration":5},{"x":1.2,"y":1.2,"tweenEasing":0,"duration":5},{"x":1.2,"y":1.2,"tweenEasing":0,"duration":14},{"x":0.01,"y":0.01,"tweenEasing":0,"duration":5},{"x":1.2,"y":1.2,"tweenEasing":0,"duration":5},{"x":1.2,"y":1.2,"duration":24}],"name":"img_baijiale_faguang","rotateFrame":[{"tweenEasing":0,"duration":40},{"tweenEasing":0,"rotate":180,"duration":42},{"duration":0}]},{"translateFrame":[],"scaleFrame":[{"duration":24},{"x":3,"y":3,"tweenEasing":0,"duration":4},{"tweenEasing":0,"duration":2},{"x":1.5,"y":1.5,"tweenEasing":0,"duration":2},{"duration":50}],"name":"img_baijiale_2","rotateFrame":[]},{"translateFrame":[],"scaleFrame":[{"x":0.01,"y":0.01,"tweenEasing":0,"duration":4},{"x":0.01,"y":0.01,"tweenEasing":0,"duration":3},{"tweenEasing":0,"duration":2},{"x":1.2,"y":1.2,"tweenEasing":0,"duration":2},{"tweenEasing":0,"duration":12},{"tweenEasing":0,"duration":1},{"x":0.01,"y":0.01,"tweenEasing":0,"duration":4},{"x":0.01,"y":0.01,"tweenEasing":0,"duration":3},{"tweenEasing":0,"duration":2},{"x":1.2,"y":1.2,"tweenEasing":0,"duration":2},{"tweenEasing":0,"duration":12},{"tweenEasing":0,"duration":1},{"x":0.01,"y":0.01,"tweenEasing":0,"duration":4},{"x":0.01,"y":0.01,"tweenEasing":0,"duration":3},{"tweenEasing":0,"duration":2},{"x":1.2,"y":1.2,"tweenEasing":0,"duration":2},{"tweenEasing":0,"duration":13},{"tweenEasing":0,"duration":4},{"x":0.01,"y":0.01,"duration":6}],"name":"img_baijiale_guanghuan","rotateFrame":[{"tweenEasing":0,"duration":38},{"tweenEasing":0,"rotate":180,"duration":44},{"duration":0}]},{"translateFrame":[],"scaleFrame":[{"x":3,"y":3,"tweenEasing":0,"duration":3},{"tweenEasing":0,"duration":2},{"x":1.5,"y":1.5,"tweenEasing":0,"duration":2},{"duration":75}],"name":"img_baijiale_3","rotateFrame":[]},{"translateFrame":[],"scaleFrame":[{"duration":48},{"x":3,"y":3,"tweenEasing":0,"duration":4},{"tweenEasing":0,"duration":2},{"x":1.5,"y":1.5,"tweenEasing":0,"duration":2},{"tweenEasing":0,"duration":16},{"tweenEasing":0,"duration":4},{"x":0.01,"y":0.01,"duration":6}],"name":"img_baijiale_1","rotateFrame":[]},{"translateFrame":[],"scaleFrame":[{"x":0.01,"y":0.01,"tweenEasing":0,"duration":5},{"x":1.2,"y":1.2,"tweenEasing":0,"duration":5},{"x":1.2,"y":1.2,"tweenEasing":0,"duration":14},{"x":0.01,"y":0.01,"tweenEasing":0,"duration":5},{"x":1.2,"y":1.2,"tweenEasing":0,"duration":5},{"x":1.2,"y":1.2,"tweenEasing":0,"duration":14},{"x":0.01,"y":0.01,"tweenEasing":0,"duration":5},{"x":1.2,"y":1.2,"tweenEasing":0,"duration":5},{"x":1.2,"y":1.2,"duration":24}],"name":"img_baijiale_faguang1","rotateFrame":[{"tweenEasing":0,"duration":40},{"tweenEasing":0,"rotate":180,"duration":42},{"duration":0}]}]}],"aabb":{"x":-331.5,"y":-333,"width":663,"height":666},"name":"Armature"}]}