{"frameRate":24,"version":"5.5","isGlobal":0,"name":"waiting_light","armature":[{"frameRate":24,"defaultActions":[{"gotoAndPlay":"animtion0"}],"ik":[],"slot":[{"color":{},"name":"img_baijiale_guanzhanbg","parent":"img_baijiale_guanzhanbg"},{"z":1,"color":{},"name":"basiclight_00","parent":"basiclight_00"},{"z":2,"color":{},"name":"basiclight_01","parent":"basiclight_01"}],"bone":[{"transform":{},"name":"root"},{"transform":{"y":0.25,"x":-129.8},"name":"basiclight_00","parent":"root"},{"transform":{"x":-239.05},"name":"basiclight_01","parent":"root"},{"transform":{"y":-0.4,"x":-0.45},"name":"img_baijiale_guanzhanbg","parent":"root"}],"skin":[{"name":"","slot":[{"display":[{"edges":[0,1,1,3,3,2,2,0],"uvs":[0,0,1,0,0,1,1,1],"width":180,"path":"basiclight_01","triangles":[1,0,3,0,2,3],"vertices":[-90,-61,90,-61,-90,61,90,61],"type":"mesh","userEdges":[],"transform":{"y":1,"x":-1.95},"name":"basiclight_01","height":122}],"name":"basiclight_01"},{"display":[{"type":"image","transform":{"y":0.4,"x":0.45},"name":"img_baijiale_guanzhanbg","path":"img_baijiale_guanzhanbg"}],"name":"img_baijiale_guanzhanbg"},{"display":[{"edges":[0,1,1,3,3,2,2,0],"uvs":[0,0,1,0,0,1,1,1],"width":171,"path":"basiclight_00","triangles":[1,0,3,0,2,3],"vertices":[-85.5,-61,85.5,-61,-85.5,61,85.5,61],"type":"mesh","userEdges":[],"transform":{"y":0.25,"x":-2.2},"name":"basiclight_00","height":122}],"name":"basiclight_00"}]}],"type":"Armature","animation":[{"ffd":[{"scale":1,"slot":"basiclight_00","frame":[{"vertices":[123.6,-0.35,0,0,96.4,0.3,0,0],"tweenEasing":0,"offset":0,"duration":3},{"vertices":[],"tweenEasing":0,"offset":0,"duration":2},{"vertices":[],"tweenEasing":null,"offset":0,"duration":45}],"skin":"","name":"basiclight_00","offset":0},{"scale":1,"slot":"basiclight_01","frame":[{"vertices":[],"tweenEasing":null,"offset":0,"duration":15},{"vertices":[113.85,0,0,0,114.7,-0.2,0,0],"tweenEasing":0,"offset":0,"duration":1},{"vertices":[90.67,0,0,0,90.25,-0.1,0,0],"tweenEasing":0,"offset":0,"duration":1},{"vertices":[65.65,0,0,0,67.55,-1.85,0,0],"tweenEasing":0,"offset":0,"duration":1},{"vertices":[70.9,0,0,0,41.95,0,0,0],"tweenEasing":0,"offset":0,"duration":1},{"vertices":[0.15,-1.3,0.15,-1.3],"tweenEasing":null,"offset":4,"duration":31}],"skin":"","name":"basiclight_01","offset":0}],"playTimes":0,"ik":[],"slot":[{"colorFrame":[{"tweenEasing":0,"color":{"bM":71,"aM":36},"duration":25},{"color":{"bM":71,"aM":0},"duration":25}],"displayFrame":[],"name":"img_baijiale_guanzhanbg"},{"colorFrame":[{"tweenEasing":0,"color":{"bM":40,"gM":95},"duration":35},{"color":{"bM":40,"aM":0,"gM":95},"duration":15}],"displayFrame":[],"name":"basiclight_00"},{"colorFrame":[{"tweenEasing":0,"color":{"aM":0},"duration":14},{"tweenEasing":0,"color":{"aM":0},"duration":3},{"tweenEasing":0,"color":{"bM":40,"gM":95},"duration":25},{"color":{"bM":40,"aM":0,"gM":95},"duration":8}],"displayFrame":[],"name":"basiclight_01"}],"frame":[],"duration":50,"name":"animtion0","bone":[{"translateFrame":[],"scaleFrame":[],"name":"root","rotateFrame":[]},{"translateFrame":[{"x":-254.634,"tweenEasing":0,"duration":24},{"x":250.2986,"tweenEasing":0,"duration":13},{"x":480.105,"duration":13}],"scaleFrame":[],"name":"basiclight_00","rotateFrame":[]},{"translateFrame":[{"duration":6},{"x":-374.0027,"tweenEasing":0,"duration":14},{"x":-39.8859,"tweenEasing":0,"duration":16},{"x":289.6064,"tweenEasing":0,"duration":14},{"x":561.611,"duration":0}],"scaleFrame":[],"name":"basiclight_01","rotateFrame":[]},{"translateFrame":[{"tweenEasing":0,"duration":25},{"y":-11.1019,"duration":25}],"scaleFrame":[{"tweenEasing":0,"duration":25},{"x":1.2,"y":1.2,"duration":25}],"name":"img_baijiale_guanzhanbg","rotateFrame":[]}]}],"aabb":{"x":-376,"y":-61,"width":752,"height":123},"name":"Armature"}]}