{"frameRate":24,"version":"5.5","isGlobal":0,"name":"fbc","armature":[{"frameRate":24,"defaultActions":[{"gotoAndPlay":"left"}],"ik":[],"slot":[{"color":{},"name":"6.开牌中 (1)","parent":"root"},{"z":1,"displayIndex":5,"color":{},"name":"lbc_000","parent":"lbc_000"},{"z":2,"color":{},"name":"img_liangpai_kabei","parent":"img_liangpai_kabei"},{"z":3,"color":{},"name":"rbc_000","parent":"rbc_000"},{"z":4,"displayIndex":16,"color":{},"name":"fbc_000","parent":"fbc_000"}],"bone":[{"transform":{},"name":"root"},{"transform":{"y":0.5,"x":0.5},"name":"lbc_000","parent":"root"},{"transform":{"y":-73.5,"x":-178.5},"name":"img_liangpai_kabei","parent":"root"},{"transform":{},"name":"rbc_000","parent":"root"},{"transform":{},"name":"fbc_000","parent":"root"}],"skin":[{"name":"","slot":[{"display":[{"type":"image","transform":{},"name":"full/fbc_000","path":"full/fbc_000"},{"type":"image","transform":{},"name":"full/fbc_001","path":"full/fbc_001"},{"type":"image","transform":{},"name":"full/fbc_002","path":"full/fbc_002"},{"type":"image","transform":{},"name":"full/fbc_003","path":"full/fbc_003"},{"type":"image","transform":{},"name":"full/fbc_004","path":"full/fbc_004"},{"type":"image","transform":{},"name":"full/fbc_005","path":"full/fbc_005"},{"type":"image","transform":{},"name":"full/fbc_006","path":"full/fbc_006"},{"type":"image","transform":{},"name":"full/fbc_007","path":"full/fbc_007"},{"type":"image","transform":{},"name":"full/fbc_008","path":"full/fbc_008"},{"type":"image","transform":{},"name":"full/fbc_009","path":"full/fbc_009"},{"type":"image","transform":{},"name":"full/fbc_010","path":"full/fbc_010"},{"type":"image","transform":{},"name":"full/fbc_011","path":"full/fbc_011"},{"type":"image","transform":{},"name":"full/fbc_012","path":"full/fbc_012"},{"type":"image","transform":{},"name":"full/fbc_013","path":"full/fbc_013"},{"type":"image","transform":{},"name":"full/fbc_014","path":"full/fbc_014"},{"type":"image","transform":{},"name":"full/fbc_015","path":"full/fbc_015"},{"type":"image","transform":{},"name":"full/fbc_016","path":"full/fbc_016"}],"name":"fbc_000"},{"display":[{"type":"image","transform":{"y":-0.5,"x":-0.5},"name":"lbc_000","path":"lbc_000"},{"type":"image","transform":{"y":-0.5,"x":-0.5},"name":"lbc_001","path":"lbc_001"},{"type":"image","transform":{"y":-0.5,"x":-0.5},"name":"lbc_002","path":"lbc_002"},{"type":"image","transform":{"y":-0.5,"x":-0.5},"name":"lbc_003","path":"lbc_003"},{"type":"image","transform":{"y":-0.5,"x":-0.5},"name":"lbc_004","path":"lbc_004"},{"type":"image","transform":{"y":-0.5,"x":-0.5},"name":"lbc_005","path":"lbc_005"}],"name":"lbc_000"},{"display":[{"type":"image","transform":{"y":256.55},"name":"6.开牌中 (1)","path":"6.开牌中 (1)"}],"name":"6.开牌中 (1)"},{"display":[{"type":"image","transform":{},"name":"right/rbc_000","path":"right/rbc_000"},{"type":"image","transform":{},"name":"right/rbc_001","path":"right/rbc_001"},{"type":"image","transform":{},"name":"right/rbc_002","path":"right/rbc_002"},{"type":"image","transform":{},"name":"right/rbc_003","path":"right/rbc_003"},{"type":"image","transform":{},"name":"right/rbc_004","path":"right/rbc_004"},{"type":"image","transform":{},"name":"right/rbc_005","path":"right/rbc_005"}],"name":"rbc_000"},{"display":[{"type":"image","transform":{"scX":0.85,"y":1.6,"scY":0.85,"skX":90,"skY":90,"x":3.5},"name":"img_liangpai_kabei","path":"img_liangpai_kabei"}],"name":"img_liangpai_kabei"}]}],"type":"Armature","animation":[{"ffd":[],"playTimes":0,"ik":[],"slot":[{"colorFrame":[],"displayFrame":[],"name":"6.开牌中 (1)"},{"colorFrame":[],"displayFrame":[{"duration":2},{"value":1,"duration":2},{"value":2,"duration":2},{"value":3,"duration":2},{"value":4,"duration":2},{"value":5,"duration":2},{"value":-1,"duration":4}],"name":"lbc_000"},{"colorFrame":[{"duration":12},{"tweenEasing":0,"duration":4},{"duration":0}],"displayFrame":[{"value":-1,"duration":12},{"duration":4},{"duration":0}],"name":"img_liangpai_kabei"},{"colorFrame":[],"displayFrame":[{"value":-1,"duration":16}],"name":"rbc_000"},{"colorFrame":[],"displayFrame":[{"value":-1,"duration":16}],"name":"fbc_000"}],"frame":[],"duration":16,"name":"left","bone":[{"translateFrame":[],"scaleFrame":[],"name":"root","rotateFrame":[]},{"translateFrame":[],"scaleFrame":[],"name":"lbc_000","rotateFrame":[]},{"translateFrame":[],"scaleFrame":[],"name":"img_liangpai_kabei","rotateFrame":[]},{"translateFrame":[],"scaleFrame":[],"name":"rbc_000","rotateFrame":[]},{"translateFrame":[],"scaleFrame":[],"name":"fbc_000","rotateFrame":[]}]},{"ffd":[],"playTimes":0,"ik":[],"slot":[{"colorFrame":[],"displayFrame":[],"name":"6.开牌中 (1)"},{"colorFrame":[],"displayFrame":[{"value":-1,"duration":16}],"name":"lbc_000"},{"colorFrame":[{"duration":12},{"tweenEasing":0,"duration":4},{"duration":0}],"displayFrame":[{"value":-1,"duration":12},{"duration":4},{"duration":0}],"name":"img_liangpai_kabei"},{"colorFrame":[],"displayFrame":[{"duration":2},{"value":1,"duration":2},{"value":2,"duration":2},{"value":3,"duration":2},{"value":4,"duration":2},{"value":5,"duration":2},{"value":-1,"duration":4}],"name":"rbc_000"},{"colorFrame":[],"displayFrame":[{"value":-1,"duration":16}],"name":"fbc_000"}],"frame":[],"duration":16,"name":"right","bone":[{"translateFrame":[],"scaleFrame":[],"name":"root","rotateFrame":[]},{"translateFrame":[],"scaleFrame":[],"name":"lbc_000","rotateFrame":[]},{"translateFrame":[{"duration":12},{"x":306.5,"duration":4}],"scaleFrame":[],"name":"img_liangpai_kabei","rotateFrame":[]},{"translateFrame":[{"y":10,"duration":16}],"scaleFrame":[],"name":"rbc_000","rotateFrame":[]},{"translateFrame":[],"scaleFrame":[],"name":"fbc_000","rotateFrame":[]}]},{"ffd":[],"playTimes":0,"ik":[],"slot":[{"colorFrame":[],"displayFrame":[],"name":"6.开牌中 (1)"},{"colorFrame":[],"displayFrame":[{"value":-1,"duration":38}],"name":"lbc_000"},{"colorFrame":[],"displayFrame":[{"value":-1,"duration":38}],"name":"img_liangpai_kabei"},{"colorFrame":[],"displayFrame":[{"value":-1,"duration":38}],"name":"rbc_000"},{"colorFrame":[],"displayFrame":[{"duration":2},{"value":1,"duration":2},{"value":2,"duration":2},{"value":3,"duration":2},{"value":4,"duration":2},{"value":5,"duration":2},{"value":6,"duration":2},{"value":7,"duration":2},{"value":8,"duration":2},{"value":9,"duration":2},{"value":10,"duration":2},{"value":11,"duration":2},{"value":12,"duration":2},{"value":13,"duration":2},{"value":14,"duration":2},{"value":15,"duration":2},{"value":16,"duration":6},{"value":16,"duration":0}],"name":"fbc_000"}],"frame":[],"duration":38,"name":"full","bone":[{"translateFrame":[],"scaleFrame":[],"name":"root","rotateFrame":[]},{"translateFrame":[],"scaleFrame":[],"name":"lbc_000","rotateFrame":[]},{"translateFrame":[],"scaleFrame":[],"name":"img_liangpai_kabei","rotateFrame":[]},{"translateFrame":[],"scaleFrame":[],"name":"rbc_000","rotateFrame":[]},{"translateFrame":[],"scaleFrame":[],"name":"fbc_000","rotateFrame":[]}]}],"aabb":{"x":-812,"y":-148.4000000000001,"width":1624,"height":779.95},"name":"Armature"},{"frameRate":24,"defaultActions":[{"gotoAndPlay":""}],"ik":[],"slot":[],"bone":[{"transform":{},"name":"root"}],"skin":[],"type":"MovieClip","animation":[],"aabb":{"x":0,"y":0,"width":0,"height":0},"name":"MovieClip"}]}