{"imagePath":"fbc_tex.png","width":1021,"name":"fbc","SubTexture":[{"x":446,"y":281,"width":1,"name":"6.开牌中 (1)","height":1},{"y":1475,"frameY":-168,"height":84,"frameWidth":509,"frameX":-335,"frameHeight":257,"width":83,"name":"lbc_001","x":519},{"y":653,"frameY":-183,"height":69,"frameWidth":509,"frameX":-416,"frameHeight":257,"width":63,"name":"lbc_000","x":956},{"y":281,"frameY":-72,"height":104,"frameWidth":509,"frameX":-50,"frameHeight":257,"width":129,"name":"lbc_005","x":202},{"y":437,"frameY":-131,"height":106,"frameWidth":509,"frameX":-103,"frameHeight":257,"width":122,"name":"lbc_004","x":856},{"y":156,"frameY":-152,"height":101,"frameWidth":509,"frameX":-177,"frameHeight":257,"width":112,"name":"lbc_003","x":899},{"y":1379,"frameY":-162,"height":94,"frameWidth":509,"frameX":-255,"frameHeight":257,"width":98,"name":"lbc_002","x":519},{"x":899,"y":1,"width":114,"name":"img_liangpai_kabei","height":153},{"y":1099,"frameY":-186,"height":70,"frameWidth":424,"frameX":-20,"frameHeight":281,"width":47,"name":"right/rbc_000","x":941},{"y":281,"frameY":-133,"height":102,"frameWidth":424,"frameX":-151,"frameHeight":281,"width":111,"name":"right/rbc_003","x":333},{"y":387,"frameY":-64,"height":104,"frameWidth":424,"frameX":-240,"frameHeight":281,"width":128,"name":"right/rbc_005","x":202},{"y":653,"frameY":-150,"height":94,"frameWidth":424,"frameX":-103,"frameHeight":281,"width":98,"name":"right/rbc_002","x":856},{"y":545,"frameY":-110,"height":106,"frameWidth":424,"frameX":-197,"frameHeight":281,"width":122,"name":"right/rbc_004","x":856},{"y":1099,"frameY":-165,"height":84,"frameWidth":424,"frameX":-60,"frameHeight":281,"width":75,"name":"right/rbc_001","x":864},{"y":1099,"frameY":-11,"height":278,"frameWidth":579,"frameX":-117,"frameHeight":290,"width":329,"name":"full/fbc_007","x":533},{"y":1561,"frameY":-11,"height":131,"frameWidth":579,"frameX":-21,"frameHeight":290,"width":542,"name":"full/fbc_016","x":1},{"y":819,"frameY":-11,"height":278,"frameWidth":579,"frameX":-117,"frameHeight":290,"width":303,"name":"full/fbc_006","x":707},{"y":1099,"frameY":-11,"height":180,"frameWidth":579,"frameX":-21,"frameHeight":290,"width":530,"name":"full/fbc_015","x":1},{"y":1281,"frameY":-11,"height":278,"frameWidth":579,"frameX":-117,"frameHeight":290,"width":273,"name":"full/fbc_005","x":1},{"y":539,"frameY":-11,"height":223,"frameWidth":579,"frameX":-21,"frameHeight":290,"width":500,"name":"full/fbc_014","x":1},{"y":1281,"frameY":-11,"height":278,"frameWidth":579,"frameX":-117,"frameHeight":290,"width":241,"name":"full/fbc_004","x":276},{"y":1,"frameY":-11,"height":256,"frameWidth":579,"frameX":-21,"frameHeight":290,"width":447,"name":"full/fbc_013","x":450},{"y":281,"frameY":-61,"height":228,"frameWidth":579,"frameX":-159,"frameHeight":290,"width":199,"name":"full/fbc_003","x":1},{"y":1,"frameY":-11,"height":278,"frameWidth":579,"frameX":-21,"frameHeight":290,"width":447,"name":"full/fbc_012","x":1},{"y":259,"frameY":-113,"height":176,"frameWidth":579,"frameX":-205,"frameHeight":290,"width":153,"name":"full/fbc_002","x":855},{"y":259,"frameY":-11,"height":278,"frameWidth":579,"frameX":-65,"frameHeight":290,"width":403,"name":"full/fbc_011","x":450},{"y":387,"frameY":-166,"height":123,"frameWidth":579,"frameX":-252,"frameHeight":290,"width":106,"name":"full/fbc_001","x":332},{"y":819,"frameY":-11,"height":278,"frameWidth":579,"frameX":-117,"frameHeight":290,"width":351,"name":"full/fbc_010","x":354},{"y":724,"frameY":-220,"height":69,"frameWidth":579,"frameX":-302,"frameHeight":290,"width":56,"name":"full/fbc_000","x":956},{"y":764,"frameY":-11,"height":278,"frameWidth":579,"frameX":-117,"frameHeight":290,"width":351,"name":"full/fbc_009","x":1},{"y":539,"frameY":-11,"height":278,"frameWidth":579,"frameX":-117,"frameHeight":290,"width":351,"name":"full/fbc_008","x":503}],"height":1694}