{"imagePath":"tix_tex.png","width":512,"name":"tix","SubTexture":[{"x":1,"y":1,"width":212,"name":"img_dating_tixian01","height":94},{"y":1,"frameY":-3,"height":91,"frameWidth":212,"frameX":-18,"frameHeight":94,"width":116,"name":"tx/tx_004","x":333},{"y":94,"frameY":-5,"height":89,"frameWidth":212,"frameX":-154,"frameHeight":94,"width":58,"name":"tx/tx_009","x":444},{"y":1,"frameY":-2,"height":92,"frameWidth":212,"frameX":-40,"frameHeight":94,"width":116,"name":"tx/tx_005","x":215},{"y":97,"frameY":-4,"height":88,"frameWidth":212,"frameX":-3,"frameHeight":94,"width":88,"name":"tx/tx_002","x":1},{"y":95,"frameY":0,"height":94,"frameWidth":212,"frameX":-97,"frameHeight":94,"width":102,"name":"tx/tx_007","x":215},{"y":187,"frameY":-5,"height":77,"frameWidth":212,"frameX":0,"frameHeight":94,"width":69,"name":"tx/tx_001","x":1},{"y":189,"frameY":0,"height":94,"frameWidth":212,"frameX":-126,"frameHeight":94,"width":85,"name":"tx/tx_008","x":424},{"y":189,"frameY":-3,"height":91,"frameWidth":212,"frameX":-10,"frameHeight":94,"width":103,"name":"tx/tx_003","x":319},{"y":215,"frameY":-6,"height":59,"frameWidth":212,"frameX":0,"frameHeight":94,"width":48,"name":"tx/tx_000","x":72},{"y":94,"frameY":-1,"height":93,"frameWidth":212,"frameX":-69,"frameHeight":94,"width":109,"name":"tx/tx_006","x":333},{"x":199,"y":191,"width":76,"name":"img_dating_tixian03","height":60},{"x":91,"y":156,"width":106,"name":"img_dating_tixian04","height":57},{"x":451,"y":1,"width":60,"name":"img_dating_tixian02","height":58},{"y":266,"frameY":-2,"height":50,"frameWidth":52,"frameX":0,"frameHeight":52,"width":52,"name":"img_zhanghaoshengji_guang","x":1},{"x":91,"y":97,"width":106,"name":"img_dating_tixian-l","height":57}],"height":512}