{"frameRate":24,"version":"5.5","isGlobal":0,"name":"tix","armature":[{"frameRate":24,"ik":[],"aabb":{"x":-117.92634085642896,"y":-47,"width":223.92634085642896,"height":94.01171875},"slot":[{"color":{},"name":"img_dating_tixian01","parent":"root"},{"z":1,"color":{},"name":"tx_000","parent":"tx_000"},{"z":2,"color":{},"name":"img_dating_tixian03","parent":"img_dating_tixian03"},{"z":3,"color":{},"name":"img_dating_tixian04","parent":"img_dating_tixian04"},{"z":4,"color":{},"name":"img_dating_tixian02","parent":"img_dating_tixian02"},{"z":5,"color":{},"name":"img_zhanghaoshengji_guang","parent":"img_zhanghaoshengji_guang"},{"z":6,"color":{},"name":"img_dating_tixian-l","parent":"img_dating_tixian-l"}],"defaultActions":[{"gotoAndPlay":"tx"}],"skin":[{"name":"","slot":[{"display":[{"type":"image","transform":{"y":-8.1182,"skX":124.8939,"skY":124.8939,"x":36.8312},"name":"img_dating_tixian02","path":"img_dating_tixian02"}],"name":"img_dating_tixian02"},{"display":[{"type":"image","transform":{"y":0.5538,"x":0.0422},"name":"img_dating_tixian04","path":"img_dating_tixian04"}],"name":"img_dating_tixian04"},{"display":[{"type":"image","transform":{"y":1.1601,"x":1.4463},"name":"img_zhanghaoshengji_guang","path":"img_zhanghaoshengji_guang"}],"name":"img_zhanghaoshengji_guang"},{"display":[{"type":"image","transform":{},"name":"img_dating_tixian01","path":"img_dating_tixian01"}],"name":"img_dating_tixian01"},{"display":[{"type":"image","transform":{"y":0.1},"name":"tx/tx_000","path":"tx/tx_000"},{"type":"image","transform":{"y":0.1},"name":"tx/tx_001","path":"tx/tx_001"},{"type":"image","transform":{"y":0.1},"name":"tx/tx_002","path":"tx/tx_002"},{"type":"image","transform":{"y":0.1},"name":"tx/tx_003","path":"tx/tx_003"},{"type":"image","transform":{"y":0.1},"name":"tx/tx_004","path":"tx/tx_004"},{"type":"image","transform":{"y":0.1},"name":"tx/tx_005","path":"tx/tx_005"},{"type":"image","transform":{"y":0.1},"name":"tx/tx_006","path":"tx/tx_006"},{"type":"image","transform":{"y":0.1},"name":"tx/tx_007","path":"tx/tx_007"},{"type":"image","transform":{"y":0.1},"name":"tx/tx_008","path":"tx/tx_008"},{"type":"image","transform":{"y":0.1},"name":"tx/tx_009","path":"tx/tx_009"}],"name":"tx_000"},{"display":[{"type":"image","transform":{"y":1.828,"x":-0.624},"name":"img_dating_tixian-l","path":"img_dating_tixian-l"}],"name":"img_dating_tixian-l"},{"display":[{"type":"image","transform":{"y":0.9138,"x":-3.2763},"name":"img_dating_tixian03","path":"img_dating_tixian03"}],"name":"img_dating_tixian03"}]}],"type":"Armature","animation":[{"ffd":[],"playTimes":0,"slot":[{"colorFrame":[{"tweenEasing":0,"color":{"aM":37},"duration":23},{"tweenEasing":0,"color":{"aM":88},"duration":25},{"color":{"aM":0},"duration":0}],"displayFrame":[],"name":"img_zhanghaoshengji_guang"},{"colorFrame":[],"displayFrame":[],"name":"img_dating_tixian01"},{"colorFrame":[{"tweenEasing":0,"color":{"aM":0},"duration":16},{"tweenEasing":0,"color":{"aM":0},"duration":8},{"tweenEasing":0,"color":{"aM":70},"duration":10},{"color":{"aM":0},"duration":14}],"displayFrame":[],"name":"img_dating_tixian-l"},{"colorFrame":[],"displayFrame":[],"name":"img_dating_tixian02"},{"colorFrame":[],"displayFrame":[],"name":"img_dating_tixian03"},{"colorFrame":[],"displayFrame":[],"name":"img_dating_tixian04"},{"colorFrame":[],"displayFrame":[{"duration":8},{"duration":2},{"value":1,"duration":2},{"value":2,"duration":2},{"value":3,"duration":2},{"value":4,"duration":2},{"value":5,"duration":2},{"value":6,"duration":2},{"value":7,"duration":2},{"value":8,"duration":2},{"value":9,"duration":2},{"value":-1,"duration":20}],"name":"tx_000"}],"frame":[],"duration":48,"ik":[],"name":"tx","bone":[{"translateFrame":[],"scaleFrame":[],"name":"root","rotateFrame":[]},{"translateFrame":[{"x":-180.3922,"y":24.7467,"duration":48}],"scaleFrame":[{"x":0.5,"y":0.5,"tweenEasing":0,"duration":24},{"tweenEasing":0,"duration":24},{"x":0.5,"y":0.5,"duration":0}],"name":"img_zhanghaoshengji_guang","rotateFrame":[{"tweenEasing":0,"rotate":-21,"duration":48},{"rotate":180,"duration":0}]},{"translateFrame":[{"tweenEasing":0,"duration":29},{"y":-2.3297,"tweenEasing":0,"duration":19},{"duration":0}],"scaleFrame":[{"duration":24},{"tweenEasing":0,"duration":8},{"x":1.2,"y":1.2,"duration":16}],"name":"img_dating_tixian-l","rotateFrame":[]},{"translateFrame":[],"scaleFrame":[],"name":"img_dating_tixian04","rotateFrame":[]},{"translateFrame":[{"tweenEasing":0,"duration":17},{"tweenEasing":0,"duration":31},{"duration":0}],"scaleFrame":[],"name":"img_dating_tixian03","rotateFrame":[]},{"translateFrame":[],"scaleFrame":[],"name":"tx_000","rotateFrame":[]},{"translateFrame":[{"tweenEasing":0,"duration":28},{"y":-4.2455,"tweenEasing":0,"duration":20},{"duration":0}],"scaleFrame":[],"name":"img_dating_tixian02","rotateFrame":[{"tweenEasing":0,"duration":48},{"duration":0}]}]}],"name":"Armature","bone":[{"transform":{},"name":"root"},{"transform":{"y":-20.4,"x":78.4},"name":"img_zhanghaoshengji_guang","parent":"root"},{"transform":{"y":-3.45,"x":15.85},"name":"img_dating_tixian-l","parent":"root"},{"transform":{"y":-2.5,"x":15.2},"name":"img_dating_tixian04","parent":"root"},{"transform":{"y":7.2,"x":-76.65},"name":"img_dating_tixian03","parent":"root"},{"transform":{"y":-0.0883},"name":"tx_000","parent":"root"},{"length":57,"parent":"root","transform":{"y":9.35,"skX":-124.8939,"skY":-124.8939,"x":-42.3},"name":"img_dating_tixian02"}]}]}