{"frameRate":24,"version":"5.5","isGlobal":0,"name":"反牌2","armature":[{"frameRate":24,"defaultActions":[{"gotoAndPlay":"show"}],"ik":[],"slot":[{"color":{},"name":"img_RB_kb1","parent":"img_RB_kb"},{"z":1,"color":{},"name":"img_RB_kq1","parent":"img_RB_kq"}],"bone":[{"transform":{},"name":"root"},{"length":42,"parent":"root","transform":{"scX":0.85,"y":-41.0237,"scY":0.85,"skX":-0.4088,"skY":-0.4088,"x":1.4838},"name":"img_RB_kb"},{"length":48,"parent":"root","transform":{"scX":0.85,"y":-1.2937,"scY":0.85,"skX":2.0284,"skY":2.0284,"x":-11.2807},"name":"img_RB_kq"}],"skin":[{"name":"","slot":[{"display":[{"type":"image","transform":{"y":-1.4351,"skX":-2.0284,"skY":-2.0284,"x":13.9156},"name":"img_liangpai_kadi","path":"img_liangpai_kadi"}],"name":"img_RB_kq1"},{"display":[{"type":"image","transform":{"y":46.2596,"skX":0.4088,"skY":0.4088,"x":-2.122},"name":"img_liangpai_kabei","path":"img_liangpai_kabei"}],"name":"img_RB_kb1"}]}],"type":"Armature","animation":[{"ffd":[],"playTimes":0,"ik":[],"slot":[{"colorFrame":[{"tweenEasing":0,"duration":7},{"tweenEasing":0,"duration":3},{"color":{"aM":0},"duration":14}],"displayFrame":[],"name":"img_RB_kb1"},{"colorFrame":[{"tweenEasing":0,"color":{"bM":28,"aM":0,"rM":70,"gM":28},"duration":7},{"tweenEasing":0,"color":{"bM":96,"aM":0,"rM":98,"gM":96},"duration":3},{"duration":14}],"displayFrame":[],"name":"img_RB_kq1"}],"frame":[],"duration":24,"name":"show","bone":[{"translateFrame":[],"scaleFrame":[],"name":"root","rotateFrame":[]},{"translateFrame":[],"scaleFrame":[{"duration":7},{"tweenEasing":0,"duration":1},{"x":0.7,"tweenEasing":0,"duration":1},{"x":0.3714,"y":0.9882,"tweenEasing":0,"duration":1},{"x":0.0526,"duration":14}],"name":"img_RB_kb","rotateFrame":[{"duration":2},{"tweenEasing":0,"duration":5},{"duration":17}]},{"translateFrame":[{"duration":8},{"x":2.535,"tweenEasing":0,"duration":1},{"x":7.3019,"tweenEasing":0,"duration":1},{"x":4.8452,"tweenEasing":0,"duration":5},{"tweenEasing":0,"duration":9},{"duration":0}],"scaleFrame":[{"duration":8},{"x":0.7,"tweenEasing":0,"duration":1},{"x":0.3714,"y":0.9882,"tweenEasing":0,"duration":1},{"x":0.4762,"tweenEasing":0,"duration":5},{"tweenEasing":0,"duration":9},{"duration":0}],"name":"img_RB_kq","rotateFrame":[{"duration":7},{"tweenEasing":0,"duration":2},{"tweenEasing":0,"rotate":-0.3884,"duration":1},{"tweenEasing":0,"rotate":-0.5284,"duration":5},{"tweenEasing":0,"duration":9},{"duration":0}]}]}],"aabb":{"x":-57.03939012936918,"y":-78.59412790087512,"width":114.62269263475244,"height":153.40297879483887},"name":"Armature"},{"frameRate":24,"defaultActions":[{"gotoAndPlay":""}],"ik":[],"slot":[],"bone":[{"transform":{},"name":"root"}],"skin":[],"type":"MovieClip","animation":[],"aabb":{"x":0,"y":0,"width":0,"height":0},"name":"MovieClip"}]}